a_number,first_name,middle_name,last_name,date_of_birth
6184674254,Kai,V,Sosa,06/29/1984
2204796768,Oren,A,Pierce,11/22/1991
2052530723,Jade,Z,Mcdaniel,06/22/1992
2630959505,Hanna,H,Hensley,10/09/1994
9695931563,Kareem,M,Ware,08/11/1971
5482626859,Cairo,N,Waters,08/05/1983
5965622198,Idona,W,Bruce,09/11/1970
7833921468,Alana,I,George,05/10/1993
3928222624,Rafael,J,Zamora,09/02/1970
5915103633,Athena,R,Mcmillan,06/08/1990
3273625990,Sharon,A,Brown,08/13/1980
3714778296,Jerry,N,Mullen,02/05/1973
5013721567,Frances,B,Mayo,04/20/1976
4070329510,Eaton,N,Noble,05/27/1984
9514792685,Brendan,G,Maynard,12/16/1973
1695967206,Kyra,Z,Atkins,10/25/1992
6815846664,Mollie,S,Emerson,02/23/1988
4780239497,Winter,R,Key,05/06/1977
8514298978,Harrison,Y,Velazquez,04/14/1982
4836942627,Rose,L,Booker,06/17/1977
7348443703,Sade,I,Newton,08/05/1976
1229088555,Armand,M,Wallace,07/23/1993
1344946914,Driscoll,U,Foster,11/16/1983
3349440663,Colin,R,Montgomery,03/19/1984
1589799456,Colt,P,Wong,03/31/1991
8376186997,Sydnee,P,Bowers,09/23/1971
7533052598,Chastity,K,Blake,07/29/1976
9823591054,Beau,M,Valentine,11/26/1982
7358641571,Renee,S,Dickerson,02/20/1975
5016197870,Tasha,M,Macias,08/04/1971
6905240618,Francis,Q,Wilkinson,03/01/1976
7490030989,Jocelyn,C,Price,02/11/1978
4126020652,Jason,D,Sloan,06/15/1978
4298281089,Willa,E,Walton,04/22/1983
5032549829,Freya,Z,Hardy,10/04/1980
6912929232,Holmes,Q,Bryan,02/19/1972
4302765921,Zane,V,Kirk,10/22/1972
9025018306,Mollie,A,Alford,04/28/1989
5518758615,Ferris,H,Barrera,10/17/1994
8277555643,Dorian,T,Steele,06/09/1979
4983394100,Quynn,B,Molina,02/24/1983
4925519262,Geoffrey,L,Savage,10/03/1979
4584380649,Philip,G,Rutledge,08/01/1974
8743571265,Deborah,G,Mendez,05/20/1991
7806752799,Sage,V,Blair,07/17/1976
3170482133,Naida,D,Buckley,12/10/1987
2021502282,Jasper,S,Hanson,04/18/1989
3025495424,Imelda,Y,Lynch,09/28/1989
4465362810,Tanner,M,Wiley,01/30/1980
3337667029,Piper,M,Odom,09/08/1991
